address,count
HTMtCceDvrR4JasEW9PKBexxydEppN8DnWp7nuAb23rg,83
Ae9izGuyQd2c4wSyxbknjgQBLkW23bdPtkFv5Yzs57ke,80
AWBch2fDh9cWF9guNttywUHviGcRwP3DruKkWajra7QG,62
GSAgiMwdNrJcvpD8NTLYDZPybyTBtdH6qUcthYWa4hHA,60
FxbGsj3osX4AzJxhANAvGrgwSdRxJruGKxybRnH1rVDX,54
C5xrwDukeMUARuxgc6hV8SkCjFHfreXTA4jaMt1etbpp,48
VR4HdEyK4c3N9dAdzhT5k42HzRwPtkrsMdMbqSwrptQ,46
38FT6Y7wPJzZAXbwNR3txWeMmXYRafTE2Hgd7tvU7we3,44
BH9oTKKpd5N5z2jtn6yrXBnSavE8LbFoag2bhr5pAScf,44
GYTLCopzf7viWqeKqDECosJHKmpQSAHXwHTYFceqZ48n,40
65BVbQEaH16H9d5KrwScThFJmPrDy9EJ6fqqG3VJd8S3,37
6uitnZ9sJXbzndSreRg15fsL1Y5gX8ZKEdk9HXec45bN,33
HNGeHmje8qFNZCC3TkhotbVHFypTqHxbzgvRGziATYyC,33
DmyY71Mq6idtE5KuFS2K9XKuesFt8oXxxuikS3RWnYCQ,33
GU3ZN7miy6jJEpY6qNuzUTbvJhk5tou8vgdYZjjRjfgJ,33
CAQfYqsDco1xhHN28VdiwrgnEQNGUtLDohGJL8uDbkW8,32
GX5RwoNCqaZY48qhCdYWJP9c2i2jouT24yw1dDtqZFmn,32
5GkjiD83hcerafxJefCL1D3dGwhho4G6zoPJNwChDcd1,31
7B589HfZDdJpQUp6H9XBsAsi6vPdmjLuPteEH9omVtJH,31
8xjHAQZs9dxGmbLQmaoVr6Um39AEnBFxKpGdEukfweFo,31
3WK1FBosc6qk21CimWPDiMEBHaJAYDVqKMrbXNZY5fgi,30
6VjVCwsTMYcmDinYWKzqKQQsqpFpKBWVFEk5nKsEerD,30
6E4t1fKC2k5yc3pzv8jPT2mgNe7rmgPMisMeLWMeh1ZB,30
2jZ9bPEUZYvGgyQiKney8aHD7tzJdjUJgTdQjJ2S43K1,29
8AThr4fWUn4jALMtCvZrMR8RXZxR6nfnjeEK7w5gebR7,27
939Rq73Rx4cHRjcuBC1J3UgK4AsJhRiSx5Zx9aGZCZ4T,27
6WfnUZvCanfjnVZgagaZVq4WRw4ndVwFXFexxSwFkbjL,27
8Gddzq24xq6xx8ZQuQPrTybQzaixCyv6Nv2V95LZ5fN3,26
9m7YhkJe3nw5b51gnffHjytgJDNbxeChdQPPD2jTASqH,25
3g2TUkrZf86bfGQXcfJ7xMCFSmnssdpeTxe5V7y5GDpb,25
7NV1hV6U348ZAAQMCZqteMDNgefceFhELMoQKxo1NnAh,25
22afRfv6hUt9G4SNcAvqHnC936MfVBxMtrEwWTRAiKpN,24
CmvWzpjq98tVdnmVxysckXSxo79MjjdmSguqJwx4z1dW,23
DvW8ySymqPaWHAZfC3c7LnQ3oYb2buzARu5toRw91sz6,23
oACNLDVNoMoaPzNbSNAZ1uzUF8FhBF2xgtd7uDohgjN,23
C3DGZ4yMo6PU1vJ47hLJAxDoUjJpms6TFPTnKFGwMWuL,23
33mMVQwm9Nmm1mk4nG72VHHGV1CNvAvVSq5Kq3hshpBW,22
AUrfsS5NudqC9Qt26mSJk7uGoi4xAcBNMbQUMt9PLy8G,22
9qYcTeocb5TpXa9EahxrCdwceZccoQL3VHXeiiXfXBEG,22
EZ3NPQ5NnCvsR9B7QG6aXW2xDwNUTjjZmiXriMnQXJgb,21
JUjivgHz94Xq3ytnsqnU4cdc3ajCRu9kGhQzHQ2tJkL,21
7oA9PeZPwepWUpcrPnVD4Y13FEs8WToKFzbB3irbZ14U,21
5Dr87bJjagbLTk1QyFfAm4TjnguLCgRa1AQGYT1vVedX,21
toszYw2cMj3eHVBHy5aNsqUmivvvk1qAnjbCYGeomQ4,21
AhpZSLfAz5coXCQb7CqZXqGzkUTKZCwZ9NXdDJ5Gzvja,21
3RpNuHf3CV2ZeG1iyBcxPqugvxEjABNaFh8UiA5q9LBq,21
AJs8UqZ1vnmN3KyVXBfBkrDB2BLrSnNkwVbn9AE8QEhA,21
CWppVM45ZvEAaGkQvRBYMPYPPZG84QG6yye3qWBvki9,21
E7UqaZ74AHrsPP4PFVpYxzoSgZJe5SDxCvBANoUos65d,20
V15GXAvhniGtTZh3emfnk9fVHJBkwnd6tiHMzMQyBFY,20
8c8HYzRB3sVeSPHM3F2aKVUUuTHE2NGT8s6c7uUS4spc,20
FDvyzKrpKCkC2TLcHG6cAUoFFc8fEC7yjPHpgXvUFkp9,20
BMHdwoJio1aQmovQFdZs75zy2vnm3C7mwKPw38JWWokv,20
GNGvNLrkFYFrSBq8yG1PbetN74t9UHTKsdJUNus1ZG7W,20
3MkVKDAfsPZGcM2KBQTfiAtmuEATiF5YQZrEk7PvvVvX,20
7mcAGmZBf6q1cDpoCjDznC7cPs4LhnZnKxnMaErWzRWQ,20
EMojvJyHohU7BAJZt1sF2Xrsg3RNE3HiZpnypYoYUTWY,20
2odaT1Zo8MjhrURExdqRoTcBZyPqT9rrvAc66gkxaLJ5,20
DKtBwPhBBYnqA3jfhkiBjvY9L9ixhQFZJd3MXfCpW9y5,20
5xLWQrZr8NMakDk4ARyshwHcxoippxH71t5Y4unhjzcR,20
3W2t7pSsf3xbhE5ntqof5mCDiefUAG3xcPoxSZnASRYH,20
BauKQJT3MeNVnDuXW9A4VjuxbbB3DJ3CtDuSwe337fT7,20
Bp26R9qVhL14XoqFiLvBnu4KDEsbK6sgigwzvM7QXEVd,20
88yRyTR7SiDXgoFSRU92VvqmcRTQ1EoVuQBNFcgRduHc,20
xcnb12axgqLyVCWEDvuGeurw7hRg5gFTTrYKjWZPeUt,20
Cb526C6HbKGUgBzA7m14zwA5B7dRZQ5C7KZ5d5Jf7BUd,20
CQVo7afogWC8qkJwLkgxPLUCSpMMKEYq2rZVKdUY5aUw,20
DQfYKbzjjiGv635xaYzPxBHA8qfXeFx7rHRh2qgq5nNt,20
GazTuZbs9ATANW3wAq2xg6Rc2cFDXmm3hweeuBKJzXrF,20
9A4LgLGanLn8wGuF8ueBBB4GaXHjGNc1Ve4dH2tsjCWk,20
BooTrK5TiWCeyHFQbkU4qnsXQS4wee4eL4dCqqJn1u5j,20
14amdvDW72pchZDGEcpqAraPn8Z3bNfu3DePfdsK83Vk,20
3VX1ngdztmtYEuPfNJy2QbbDk7AVMjo1myQHh9FwMwYo,20
2p9Z7bVnVQjB9zyjg6NzKKMR4xxosJzWiY1HPT3ug938,20
Ek5LK2L9XRtpcLcrLEjLkrgGRJW6ZeWw8dgFtrXJfo4b,20
6DHoyjdQ8qNFNRUmCZ3PH19o735KGmYGaGcHzWK9tZF1,20
GCQximsVe6AtTYeAaG27Q7EFaF6syac9SVDhUB53jT2T,20
DnC1koRcQ8nznRTbNckSTVHUxSqJiQpUHJStaNYYmTTr,20
CbSKdjmeR8ursxzJHXqk6sQJjQUCCC1sof6NLtABoTC4,20
6BFS5y1ejq9bM7993S6DzHFfx9FndXAP9nQUpp3SeX6C,20
GKmQt7FfAx36yFMRUTQ2K3UCFEmquWefAWRW3Zg1Nv21,20
BYdivFA5Fz187q1xadq2URSsYimgxAAG7otwYEmm11yg,20
7Z2oMpesMVfra3SDM7ASERJUGe2qhJZeMrBSmzZrqh2N,20
sigMag9SUGdtwwcH23QDkA3tUCEKTnrSKLcZwF3V4ig,20
BCs5j9zFYk8CxkYUy4TeAkUi2uAYFuHX6rv7W3K4CrWM,20
NMnh1gSaTYLhZjadfJ5haaj4wGSVRnTGk1gXjTgMpfe,20
8yHRXycCW7XjYVnE6VfWYFLMR7AwHHCJsRhQtzHrXgj2,20
3MTP25qgDCgqEhpJ9hqor4FF1BS9dQVqPnTS1VGix3Yp,19
FXoGoX46QZzBZXoxiEeQ2uakT4VYgzLxmvbbPEC4MYbM,19
6VyhHPWoQnHYBVG9jBawcmePjPjTUk3vqrC7DZ2ozzM2,18
57MtpSJAA83brmZxLVYuGPMqxbie6y2D2F5Vb77WnoZg,18
HuSmA6EKpv3mGFRnffkw5oxzJeMo7qa56x32PHxsXTXQ,18
CoUueYf4nGmC5h2Xcuyixnw2Hh8PztYjugGEcwq46rRW,18
EgrocUQaS1R4Xd5EokzGJjtrdvfFkcmLQSSqxsTPQ6UD,18
CoBnqrYS2Z8FMA7w22aUjXc9g6nY2qGG6AE45tPFHxQS,17
FY74Dvjb2LoMvzicAHPt1Mof7eS6NMEV9vAAsF3oYKCv,17
39YD5rZrsz8mSdtyVCfwaG2cAh5Amq4wDAgqZEtgXLRj,16
364kNi4LbCh8iDuNvmbHbPML4N3xbg6msZnaj5dFSJbL,15
Hv1pdbXtSeVsJ6pSkWoKkW1BhkV9ohq7XACTW1BPodFg,14
634wz8K9jDuMdnAFchNrkvu5AXL3mByEiQrfbbtr2EfH,13
B9ytpw6fHdGVDGxY9NhwJeKQyqStRGzcWkaEaRQb4LT1,12
9jvaGLaNuKwC6PKydF7mtvE55sUpwXEQqP7TbTcaq33,11
EvVNd3G2rNFa89avw21GB4wn5RRjP32oLugBNxQnZt12,11
8AJAUxrWpBMGZSEgxca9JHVnvuXfMzZiKfGNVvdeXpsE,11
dJmJzF4nesWtSTqPmEYm7uFQU5b5Lh1EPLuLK6T4npB,11
26UYndBoA8ZSQ3U7riWcLF5Tk2bxADXGEHQuLfE7AknT,10
Dha3JZcfe2M9zwrDC9uvLzXZKF6wpL5bjHthk315tfom,10
B8LactoanANDRbubcsGdsU4XXWwWYDQmucH5CMGkZ4Nj,10
ChHX5YgkfgbS4f9t8ybkGMX28xYbCGdt4WJEZJjxgAZK,10
Pew38AXfeGhHsVeXs1cKaDjbxLnhsZVTb3qeCzed86V,10
GSqo6pmtx6K71N16koXxHopVbr4HeB6aHacoUQCfnqo7,10
3dv5bCfqonPC9K5hVenSVfUVVjPw9JxeGsUyyQzQbiZK,10
4FJjAvYdwmwJit4J5wvTQt8LzuE2E8ez6UcozkWCQRQx,10
CoZUMNokjufxTVncU1MDWDvFS27SJiu6VZ1kLsg3LZoU,10
8WZLzLTeMeNgMDszfdR4FccBpzYK4U6hL8WPk6BtGnk4,9
4EhZSMz5DMadWLzNmv8Mo2Du6yx67xbyRXEQjnNitywt,9
Agw8dvhEGsEvRhCVHgj3VcwaHRhGwRLVBY4FSS2EuVW5,9
23QTVAJkR86HFsX3nMkAKyAjQKcfuRNSKeSHsd5BhPdk,9
EXN9Ef4xNbUMDN8MP16mPhqZi5bfB9gVFtpqXG1XZ7YQ,9
6WVEvQSb4yhfN6T7ZPF28jure6kv44hwS389XLYZdy6j,8
HMxoqT6xwgM9XrLV6jhhRQXbwS6mNZ36bSXmxcnG6Tyo,8
96kbJ6wHAmpVsnfKa55a86kJa9iGgcG9ee6p1sMWTfZ1,8
BxBM5eTxCj2bqTUsdJpaveCnGHTm8kCtcGCRtohkv6CW,8
CQHFjBf8Ar7kEgVRpGdLLGRnXN7pGSZBJys6P38LRXm6,8
AzwbhrweEjFmC8a5ZatJpBg47vtgdRbDMTkUan8VP1cd,8
EMVHQWNYCET3sSKFPJnEpbrSavA1agU5Z2d8hkqcCv1a,8
6ZmZwKAQHxvNGVZnhbgDp3u27qnRE2eFqtQqHj1zj8xd,8
DHgXThFPK72yWa4TnMWqEW1DZHN8eCSFEmuBifUwMeyD,8
Eh7DMr2NJVRdc2jSEMcMdTabNoeAwfApVTPUAcnvRS9o,8
FEeSRuEDk8ENZbpzXjn4uHPz3LQijbeKRzhqVr5zPSJ9,7
55Miy5AKnsTKf5FTXUHhjMDaZPtQwYqz24sd129xvSyb,7
CnxhpRYCyVKTmQZwn7Fi3cLeUcEY9TnKNKhE2JiaNrXp,7
8EvTtRH4xigUYnu9XVuvp7beoNBu3GGGV9V7RC4ikpL2,7
J9Mnr7qT6vYosQ5D89kArAb5SuBtwL8Xexc5QpZitZfL,7
4eg5GmsZ4wVr3zEyAzXFJivqDigjU6KziQH3NASEekQz,7
C9b1giuNWENBYTwYHqnu8QxvMB8vegSdjzss9HZf2XA5,7
FpdjthA9a6TKSfytk2pZxZUDrHFzYFq1qUxZp7Zjqs9n,6
LaC7SJ6LZfEhWVyt9aiZ8TvY7hPWiuNuTog6tNra3rt,6
F7RaB6zFnXDr1FARywQzPodHyZ8CUpfPoxqQimNk7WaS,6
AvGHoR28P8BYpsgyCsJfFJjgcsJQXh3t2RC9Mdyapa2h,6
7Psv6mPNHYmNhXBRPnnWAcM5mDjYKsnQAqwdbbispSRD,6
Ae2ruFjUSpeCxLJ8we7BB72rAjRV1LQhs8NsaKca7rqH,6
BLrosziLi9426a31anBcNeEizXjk1FHfNAwUpa9CuqEc,6
BNxLrHk93ct47JanRLNBksNCSFC1YttgLQFt9YABJHci,6
3ECXVHacnxdwHqwmDa7htEXAWssKuHoJofdcqtnD853X,6
85H7h4PPrv4TVoJaSD7MtvdD32kuR9tCZpA8xjATJcm9,6
B8v5dFq6Tmg4ZJY5M9yYcaCjERqrkFTukMpscmSaMRZh,5
NFTXLdTsjFu9K6QoSSVaEk6xcn9swzAhwTyoed9hpjG,5
A2Z9GS1NQFcKnfVGmrYR9ffbYd3i82pUg22qfBxx5iUh,5
2duKipXPeGzr2VtYeHeMuLrQNYcq7dTRJXGdLYpzM9PF,5
137mASBW7DH92LXqEjBZ8rCzqyNCcNWdtGKgn3TqyzV9,5
A3TUPBzvrfYg5d7JTZyhTwVCE2s9fJRKGvYVQ7GSJoha,5
5wdXSowyWhnTgYUnZjBLaVrn6fviFcogfygwnV3yRhqe,5
3ZKbSv5JL8eYCbw4uZs5cC45LDDYbgA1gdkQLB56VPVm,5
HUqZfN8iDVQ6F9quHHYDeSC1uhvsL3EZXFgHDTrQWdcf,5
Gsp4BiXdbT4ac7sj7TsgPcQqDXxxEyYcMuDrHi8ajmeX,5
EBGbY3Xa5hP7JwwaSFNmHrPhy8j3V5P4CkhKoYmUQJbY,5
312oLiUtHBTD9fiHZsBeWPSm8jNxszRMyfLadusJ85tM,5
8LqynMxxLMQhTduFshAXjgfNbfdVD3AHjxWVr5ZNwK6W,5
fTiEeMrJBvmW4pdPBp5dVJzRRnGRH6M8Nc7MRcWjwb9,5
JD38PWk4zasZA6eAkR5tJqEjrVnEFgEt7aGGHYgwXW32,5
5iiRgPAv9gpSv6doic9i1s8a67FoGkSFSXyjX7SAcLS6,5
JCTrQ3HQWC2SHtsu66ifVvzguusoygCkiL7mtfaE7ttc,5
HcjvHR98NY5Xcq79NmYJ2ztaH9branam7MT4oBF5pdTc,5
7WsMoedNocYoDAAR4x7mLcB1guUXWyzpUcTp7LmPV3rp,5
CH9i39Jga5ZTsKKadFd4N9V3GUUXjn3gPxJhePTeoJ22,5
9koepu1KGbWGvZLFiRzTQRqHzqjKGZULxSkQpqoRnChv,4
5uLhXC8KjQvXeDGMC6S2ivyZHnGYi7FiMe28MDnUEut2,4
HbD9LU6mH1HwHKZfajmJsJgmwZ4p9KGqLX73YWTC82MC,4
A83m96AktczTNaHbDDTLcWEpbo3dtgy6pwHcMqMrEaEJ,4
6efkqnXDcjeuZEPyFj9zVS3RmQcVfo6tr9fAfBnL3q83,4
6EyYGcewMdf4DbwaqxGT7vEcc37avwxm1FRQERkrqWVK,4
EjSUh8D9zAB9zXCLR4wtrxkWpzHFhJULsSLoi8pAE9kJ,4
4oRip9ZS4fupCGT2w8NWWdwQ8ubWPC15E2rdoeFUv19v,4
8bfQaJ97FgQLn7iEJ2NdqmdSJ8CwkorUpVnanbSPVPLE,4
TopozN6tRbeghtDFZALdy5THQpWG8GysPtBUqs8YaxV,4
9XaWEBiySdZAYQvGnrqQPwJti3iRQqqNbzzJpGBJ2Qnh,4
83L3VdxSbb7jdHxVxzra4GsVJEqps6vhWxs32gTk1Cru,4
tHex1tCnzyzmFCAudY9AySCDLWtGmNNto73R9qZ8o6L,4
8sVQrBnz9xvRWtRARjrfSj94WSKE2E6w9bws3y3vzUnF,4
567yVzp15TNPUpYP47uuv6cK7GGFVnpt3kuGzqyrfMCa,4
GxfcyqVL85yXoLiXcDTUpZLcGv2gs3G4V43aJKWD1zty,4
33sBj3HorsvGTGyMbwhAv2HjQK7pehqwehLHKAytViKo,4
mEEosnbfZp5PvNzquTKNRxAm2DFFWLYuGuVG3JkwK1o,4
3yMqC1vUf2HFQQ8zH4siv8zfzzeZn2gcWM4QhYDsekCP,4
8ez4Dxj6JpoJuodxiHKTiY1hmiZtj4e1r9uHqt3ViLCY,4
5Am5nsuKnDmNiAU2owXCnFaz7SUKjYxmBSDrJNGoHazZ,4
C1TnzdK4nmbqWb3D7EMGBNoc4oHutjwz1SjETMm8wsuv,4
8FhdVtahAp14racN1q7oGGk5a4k8F7ggeXqA9zk3tVPJ,4
5JikvNECuZq5zri9pPRXDt5qgZ6QwwJQX38XbiS8rHNq,3
9JomxNqcYwR7MEmLiAuvEHa7KPa6KmwFR5iam6xoXpNH,3
ChYJwGFYBp4eJtp4s3k5hJsnk8rbMrxegCeCZaZYbmWJ,3
GgxnQG5ewF1EfJSXA2rsNGmTMFgSAqADD7cQYvhCiuE6,3
5x8JTwuN4UcUGEHBAjR368WM1yKymiMs6ggZPBpKyW5N,3
BweBzkiJNXQwULes3RxaLKDtwkk9biNYET2SoAbCeX2N,3
2htASvM8Qq9P3BSYHoQair134jqyGEVLx9q4FuKsZs8t,3
2QKSghin39TSxtYnpuVQunbrQNuUkzhZxXvEiqaxZo4C,3
ADAdexVvsFCfmRvBK2gTkVaxdwPWejC1rgEwG1NajRox,3
BYK6U9RkoPToodQycM1aaJDT2BVPWJBdgZhxqo9NTBPr,3
HiRVwV7A1CVLSYq6ZtwsBSNQH9ZPTcF9xidnwSVZTrhe,3
94Dt6gKD2YN9Q7pbeUVJNgok6tgvd6Arp3LTdjTxEert,3
9XTMsWpSbFkAZtAhZp6RvE3tkLqqhjk3MsBpBt2qUgAR,3
E7UTTcgpgf75mnw2vSsV7BxKXD3vFaegBmPDYxm63bJf,3
H2CAZDFwBde4ahjYs7n15n8u4KGZ3PmrU8sCNvA3Cewk,3
3qFYwjqkdueiQPnwWYHwPaRsTcbaHYcMXyc1w7D8Lh22,3
5soku9o2WLFL4MCgAXGTN8PQWjiHgtqqUchCwk2uNsDp,3
DXd6kjv1UjoBw7tjwpcUGX39AyNfypJSkCm7peL1kt3D,3
6gDGuSZPDM8AMGKCLbQZc6WgTS5YiYM6TkRwN8gt6UsW,3
EV3uKB4BsdTjrFAhPcFYUyKZrCSBjYBABxas1QCFC299,3
6CaJJD6D5fDxuKdjyQkyUTDVDn3oGchXWyb8N2Eu5YSn,3
Av5NstkEJW4fjPT4gzH5D89CnVFGc8bqJnneD69QjMUY,3
J6GKHm4sfpTPfViJDJsNtgGTSFvuJN7T2uTckMVxvMd6,3
8qSV46o2WaKhmLHfuYQEmriPAax3DRt23f2qZQ1G2DrK,3
C7Xdaij8SuhPQy6YWagdSguycmxsUZGCUP4KfBvgc5aR,3
MESyWSu4VDFt7FQ5a1Yjpi1DT6DnCKKjErcdtwkDWwX,3
8H1xM7p5ZmMmdQYWn1hK6WmDwH5W8SQAVGzp4kocCJNt,3
3gGpGaso4j4PGCeHMEEab7JtMZBECzcQUtMbyrdiV7Xp,3
DXZQs9TvuqcdfZpnyewtJSGQPRudoryRoKm1ZrXS6jpj,3
3uCCdj1QtCVULDcveFAV18gQyxTh8qtnnp2LUfuewbR5,3
9c3JqqZ4c1QKqnv2tqBxWqrBFKyWxSeYwbtJ3nveshWB,3
E8frd5VSpTZqP39yuuBHk4eRzoHEM5PozyCgtArZjUzf,3
94Y41tedvxkiAzL6px7zMCZxarKGiHLzD5DZWaAZhNVo,3
7g7X9sMSnot1xRQeQpSY626Fwz79tr3BcmSGAU6ggeFe,3
5E8nY8Fwg2vy5THwhbRAHtpw4J2wUFH5CjLZhb8PHMid,3
AeMQKBJwKNxkYtmatK6BPEfVfnSCDuquDFaHHxCx2gXb,3
5oa34ftACNCRhZDjoa2NeFxNswnPntDnAFZBVDXkGJrA,3
3H3dZBXpf5eqd1irdSh4M9SJzTLZJLrCMeNGPshfMkuy,3
D8ui1gpKDvQ1H2vHEyS9CV5jvwjWerHw9JRKxvGpp8Fx,3
3mCe1Pgy2oZpZzgCZbfZF5hsSbxYud4KQKRyaASmY71Z,3
EPhWVVFfyu2UbmowFUqqg7Htq2dt8rRjvDhq7mSLmKq1,3
2voio4wuRv3891P9FFxtAtigjhwBt1u6ouLTxkffn67X,3
En5Y43TN3RzqaXSaziNnxo9RC9s9kkBWs5ZA9yfFwHac,3
AqAMehhdeuTj2NmbE8d2AGKbKAGhFP3j5cApsTZZWdTZ,3
Cn4tWRvX2pJhhot88yHKX9xJWS5Rkzy1QoDy5PA7orL1,3
AmgrMAFtjbSvpU47k2QCWuwbcf2fcCacM7W9xu4w7Dje,3
AAcUY7WhVYNJhYmbpnaMnr5Em3ZCBoC4qHcksjxutwdP,3
4EbF8s1AGWuB5rHLAuhNjvqDyLcDHDKkr28EV4pL75Cd,3
3wNMuJcvMUaXKB2bdfQhEjkdbbvrTLW2pzWcgvr24jC5,3
8feTe3WGcZrMFQoNVabFHx5u4ZgdFH6WLishb2MSLtcQ,2
urCzDnk2tpHYfXDHBtGCgSeW9PwEBiiftVxobobhy67,2
Ff2yA6GnAN45XLwgfQoSaVC6R1cESWUCAzxcoAC836vU,2
H6Vwz1KsBcijoDm4ivycqfvc9N1wjdF1qBrzk1cAb77d,2
5tdpWgJmvx1xqXfdFZPx2bgqrW1Uf4sChF9YsNT9DVUb,2
D49KtCSQLTiqBwumj9XGnhh3jqLpnZXBFLZuP2Vz5qo3,2
HddkJo1mzsebLYJbUro6jY3QDTDWmx4jPziB47b1REjK,2
VoCgvEDwznmkZo1rRgkFQwgvG1TDK3WPCeviPgLuqhb,2
Adprb3MBgg2wrXocmrYJcVq7Gb5r2LXhmzfrjuYemjLF,2
8yU39wkPofr4Bi3YdWqoTGuJ9uBci5uGkvPQEQ5ohhKH,2
DhpLfitzutPJPPS54SCY3yC4EkgtCrP2MeEAKZvrTtPA,2
9dkoJVMZ7pgx8XN8dNF4r1PNMBKHSHhAoCXcKfNSAP5A,2
GQKw6kkqnspr9xf8bfFUcn5qXXiUbFaXAY4C4akdShHk,2
gPrjqtxqigZnutVPA9BiVNFVsGd6FrDCStHiQWS336S,2
2Cjjuh5AyAyAPVsqbZXKNxpcXWgwBhdLQqcsCLLhYBjZ,2
J2hf4LAQPwK7y6HmgkswwiofzJ11nQgmXKkv7F5LFqKC,2
F798uRiw4eEZtqMHLDsJho9r7h8nhtmRSAaU64CMf5HV,2
21PBxKjkEXb6sqA2mPuL2JCBFFsHT1dN3NYxtbYvmwT6,2
F1qub5eS3Rjmne8w9TkccbucqDfPi5XS3GkQvZX1hNFj,2
FNQzefNBecnJBt5pEB3dQfadRMxoxtA5qQb8bVfxKLgi,2
5AcSvKLk8GxbFDUV4tG1eabgLMeJTGLp5tYp4L7CkvfV,2
GLcCtdJLW9FzMVPy5jgrvVW4U8dZpsPuuUAcVzKMTFKa,2
6gwtkzti8ucyEKW7qfkJUUcsezRvUbjAFHk3KRy5vo7j,2
TVW1v2gJ8syZLgnYQjGMff4JMKSx6euJtDf4t8aYE9S,2
FhY2uBNUdsii4tzW8phtzhH5Ye76XX2gvdNF2hgWDAX6,2
FgXrfMULZgycE8e2VxdKgNgtMwkmArkY7WxG2rbZbLhj,2
GVueqSfwHbghA1SFwEFmpW5eKT976cnWc1TkB21hsX3F,2
9wpj82TNBUbBGAjqHo5cmVA32hkXhf7X6RtxhzgShXeA,2
8pFN1nu3ejuJgm2zKmGWnA27e6KpBo4Hsc4gtduhqewe,2
7e73tF4fWpEeaqjgL1GuwduiiJUheiRPVVPtYfnTjbDF,2
7ruWFFq55h7tqKq6PwdEdxs4vZ7nCaGGfmA29saeJDLu,2
4rexMsF7FqcUknqJN28LMHSVjzg145DvQJYtpoa6nuic,2
GK3bfY7RiU1NKToJxJxtXHkuy8TUNi2dF5awNVqActXP,2
49P2sNFa8HBWnW1FcUU1dZQV71njWeFB65M1tQs13UNf,2
3j9XXF8p7gJWFoM1omULna8AoFDRaJt8oQPZo7AUNzJD,2
EeHaVjRdufZ3PZK2rYzdtaVpPfdPTKEcxBFV74CUbH7B,2
EznLK4JX9HpMsaa9BUh7smHywxjgsbZmgzaaW26Qtxe5,2
Fm3eGAQTcqkrGvgchmbukwTyi1g3p45NfSnMLJL1SPps,2
8EKt5kz8eqiYLLhA3tkibpfLVmAuVwfiVfgzy8FoCgEy,2
5pfePMxmcjneFrfhqdArRNQtbMqbFWofPegSbcwvT7km,2
EdmLLFW4mvZuUBBUNmvkpFJvxtBoFnZzHAEM31fk4GDn,2
3rJ9PVixcWFQvVvaxR6NJKUTArRsb5MrBFnNvTcNvrxC,2
2fRVngbQPZAo66HYPTckkSHT6XeDKmypR2fnA2pDEAiC,2
8jgiwd8gE26CzBhdfqGGSPZ8SzX8T48LdZ4aDYmzA1av,2
ES52Fwkr2bSjLcUdfjgKAo7qyfTQ18UobhbV9WiBktZg,2
5Ei9vB2LvnMyW886Q9QbZXapt3So3F9hKkzHXG8hNq3U,2
G2ZJt9Ry2qvkUkUSZ5Q7GFAdwd3cw8NrSNZu9DQrwpA6,2
A1mfL7yz8ZJ976QD7bR9zJHzpqFYTxasGbyUsQwrooCT,2
FExmuKVdk4TqK6Tg81ua5NCyprAZkBFWqBrXKLgR9iWA,2
CqoFtWjrSnan2vBP8f9MywZxBb6myVPxQs9D3mZQdPhL,2
i9gNg8jkLAkQnm3Lv2V627xrNYF6rBb9h3X6RmhEZim,2
FDmym9cJvhLXnVMgaY5Vnt5cQUd5xaACXqP2nir4c3nd,2
6m6EDzVsD9sCjGbth8ifbXsoKVNyzBhGjfvN5guvnyEK,2
6DCVp3wXjmj5id2F6vb5UedBVc9aGqK2EJJgpJQCE38r,2
4dC1n7fgdTwJYKeAdE6reLJZ8yqRaez3fW64McaxjRyS,2
9NDq7NfWzmkETDYkb9YjqsUJwRdjAKoz9At4ibFrJNWR,2
3cwu7CrgKAzW1qBHF8Dk29TjBeNywUtoRx7rBFFEdBwC,2
Ch3y919rDSg2McPqnv7r1uZ3mQC2gstpz6A1WSmPnnGm,2
DTy7ksfu8We7kwSsaTRSsqDbdsF5AQr75Njx2va3XRmB,2
4ZjYSCH3Sib9iMSM3QN2sL2kwxNcXG2P4XCemSC2hsyb,2
F1VuXtVE8BYHcg3VMTypTZ8bEGogeizfqyBXnb4KT3TF,2
DgWUXg31TnQkz5A1xfEpGmYzMiyb4idsyAG4KosV39k6,2
Dx9VahK4B6tyf6Urnw6mKXutCTNkt288hofnYcZH3B71,2
Cn7vfxU18bek5NtkhnWz1nrqU1UDuPqoP9JeoXYrkUUr,2
FzCsqw9otFLpD6raL7gvM8uAzyoLVpEPXo6oAFoCaiZL,2
8abNYgHuqwQBbDZpopyoBUETJgikF3t4GLYUL64QxHeT,2
83p6zw3RVLauRpQSVAVewDz1D28PaNaNyFfXCfTbSHPP,2
HnWytveaaMz2jrV3EqFFfCj9dQfgfHfT23SB9YyUFbBs,2
3ahzsPX27qBeRo5bYXimr9ouEgS41mjcHcV1aHoQA5Ar,2
BZg1AW8Cu8wkheqirrnK3ro9EemAuBYLnfrvvrLWpYWN,2
Z7epxbRg44Y5oSVqLRrVPQDAFNxYqa7p2qebZnMiB98,2
4YrrfALqoEZtpk1zsdeVn3GPiFsQCU6hmFzSijPJndD3,2
BJTMxj9yDYntaAdBJVHWHZynUhwkqRx8KhxXe986K9PV,2
L3CvQeTaBAcP5A2Bo2C2nT3TA6QxovPLHWwTRPPY764,2
AZLm21MaKZrAGCS11xmcYnCVmra2RJQ5nwyaNM5yCWkn,2
C1DXNM8fNDKAE5JChjy6E7VmMDNXHF3hVpvq7w7BquDk,2
u46sEXd14bz5rBC6cv1EYvV7NFPCNBUa7pr1Hb74CZX,2
CAm8Yqh4VDEkFNSm31n99SPkwk6xgWBDF4PgC5pHsqo4,2
5B2mvi613w6RCzKzBb8fAtXngM65DEDKsyHrWpzwzW1D,2
FkdVMCRWAYGmk5DWFHqrG8hvWfjMkScMkCiyqwio59Zw,2
B3pDp4xezKmJTZe3eftx5FhKXbKVi2vBqnX3Sccbt8QE,2
GxUpJ2SwQHa1Z2fb54MaNAcuUkfiDftk2xfTz985ji9B,2
Fy2TfBxak9mxSA2oETxjQ1YvJww6GrS6bXoCxPwt8K1G,2
GPkxT3WaLEJHJHQP67i3oZrcoaxQLHG2NuHzPi6nkxmj,2
Cr1VFRCDy4E6s6EVcUS8TBxw4mdVejAbx199CwLXykwb,2
9revQ4GNHugjpywXWSFvKFJ9uAr7vUh8Yid2g9FP8Bsm,2
DX5nW3bsd8LNfVFvx2L1gXRt7yrymU77D1xS1XLpyiX3,2
BcfWHaPxv7fMJgwdM5SPoctFoyCCMEdw417bv5Zrxqe1,2
vFUWGdLWmAtSDk3EqwGg4Hg55xb4fib4mW4dw63GVic,2
6r8s3CyNeyLh5CmKe5jeHCh7ALQzSy6n6QDjgqAckJpm,2
5foJGMPTESssg8sv2YbvuB9bu3ds2BWiinG7AR1UCcqm,2
FXafLfaMSqA238qk8GdNpMVgypbEpF1Zb4Qu598PQnW5,2
F1VUU1xrQiSZ5eefDrGojJamJpU8jbZnWiFPqALrvqKu,2
HPwfZUd7wqrBAyLUgkU8GmGvG44J3HCqXZ1mhXXpe6um,2
7uZ1WWVrFjeacghXMbeyREiKJ7z44D66XqoztD81GM1K,2
vwArw5BbvrEREVbQ3meyvpzLDKEbGx69pPwaw7DVW2t,2
5DR1CdnSA9ftromnhChfHDqX5rhtpV3xXeDEFuUVkWMQ,2
FAdbdTmtq5g2Wge4mE5YvjXTQpm43ziMpnndyhNZhyFP,2
8upBybQKUvHJNdQNndEGtBp57gimBsmfGEpE3DG1VvVo,2
PHRUM39rbiSzyYwiPvEPqeuWeAUY8GGQSG4JqELDEhN,2
Ffwbc7uBSk1xsdUHW65F54SNeTtHveYzFhjuJFTGMYCD,2
EBPTMyML9yxid61DTdk6RwbDzGnDDD43qu3bwiKnLjHR,2
EhGhjq3BcvaqEN1U6z2g7Yfic3WPVaesRFAhPcfDkm5m,2
AYsoweMVqJyF6yXA55WFB9ndLdLtprHoyzZhjbEC3VSa,2
9GDX6xwxbzv3FVo6nSNkcCEcomCFzQppsw5nMG5XtyTy,2
HGo3pcopFxvdk5YN1jL1ZXUcz3LcscwBXMDetRPyS5VD,2
ACYZ6Xxhxc5pT9ZqWXGzexpTr8qajV5uEMKQSS6CMHLq,2
6YUm9FiU8Ub9Lf4PHPocyu7RojrpRRvW8eq8XDiHHjM9,2
TMSbPboUymANGUZb9WzwyZweh578v8eFgYFW8DuaKL6,2
8zRkQVetsYpzYLtLXuAMfVysrZ3fP9orXFEUkUZKjmDG,2
B5xhe51anfnRFutTu453pM9RGTKLfTgJV1CUmDP7pskn,2
CS87j55AkEqZ1ixipdEKnAr6PKHKKZFXHUCSjNqzk4N8,2
BqTRYwqwH7JEsVzBhy7Ux6444WQQxY6QTzZd2q75jMjF,2
G4URnz8Sth7trayfpBJdFBUhAgLSUKScDzkWKaG4QPUY,2
3tHWWPdQSQ8gi7TPL4UCoC5MoLGH4dudfZCh8yKr5hpi,2
7NTd3EY6AHCyvgQ3G5hFGjoC1JgDHQpo2XwZRhpvcAii,2
Fz3HqG1oSfpBWWb6gVH9z1eiB4Z1boLJfPwvGKocZJAX,2
8uorRu2ZVnMg54hcswixdYygx1hnwq9G43fa655Yd3NH,1
Fko4bWKFf6WfKXPXMSkyKss6EnS6p74F9iAo4Lkh5FUo,1
9BSPY34dc46zmntdyfsW1rYsgmwB41Nj5yUFmp1KHUgo,1
7KnJ1Tpkt43iFZsg76z7QWNnmjurDYMLKH5AjZcuXB56,1
3n1KCZwki4sPBXBFTXF3t1eSDWGL9UuM5xjxJXvfcfow,1
GDrWv3LvTQ9KthfTsdQBqThmchfseHdx7QKzFKyC71Y4,1
7bJQiywvjJ2rWrrsigzKavp8GMiGuwqn86NXnpEYe555,1
8ykXpdNE8k89gsroMaqNfu7nWfSxVLEmLkt4msJiGm1q,1
DzhVd7sx9Xpn7WmoGFYjwGbdaGgWKrFwLoajhki2L15x,1
Hp8SsZZZot8UB28HTfEuxxCXECoSiwHfpzqwenjrMPKF,1
EejATxRqYg48njTEGtWanRbcgnDj5DYjfj2dRwrUhLeS,1
8htmMssybHMPGnWSSPWGPaiPdQGePwRf7UDkdobahSug,1
P1svHSadSLVPhVsTxUPZPWRNSLMJg7nZo9SkTkRp2Vh,1
7WEdcmaxiD4fLaEmwQQtc3Hof3fYq9EYVCRWVEpjwacS,1
FAKFxE2CjHRUPT4TcjbE5qxq89T6J9PUHdTrdymCXicz,1
BmqmVTgPqXPe1eb9D6rrgk45rni3ziUS27wHLeNamySP,1
996Kb1a7W4mqbR6qxzEDBHJtaJv8bnpWmegLJxMtpg3R,1
2zsfaSwMhrUbKbJCQJySBNBouYsyFG8KpueUGSErB9z2,1
EjXuskmexb6RRyejHZNwiazQepncUMY5agQhW3YCZ88k,1
2CtcQi3cZMKTrVZy7Dh8cdXZrynL9BEGtAjMU8EpeqwR,1
AdNweQN7i12uoaPNNJFdmk8DvQC4joGdkWtfCv1dsJVf,1
uneVswSrnMAhsSNwFBUuZsojixFqUPDDqzqJVYVrokp,1
3criW1RUwX6dttoCxwgcSGFkXZBiUxpRDYkDaZKuFbpE,1
AvStKPD1bHKLbTLErXtsN347e7BEAXZWEyWC6XS6RX9R,1
8rnh7qdAYc8Kd8fogrEFeYEpf2oezGFV3Eb4TivAXdub,1
HReHPuQDQ8Xyidh1RfhgeYPavfNfeHW51mipbuuXRTjC,1
AehTwz8yMEUzdFxovrjF524rBW9aQ69HNn7djwaWnKP9,1
8VQAR6FK1NgN17Q4TETgY2DZvBqdQVB1U5vMB4r7ika2,1
FusW1MTvGGJkA7kb9nq2khb9tjnWFU8jconT9cyghxkX,1
RELb3zDLiJB8Vz8ea7cT1rRKH18DAHCsBHtddDnacNJ,1
r4YeaLLqp3HfHBCsthu7KXoxqvjKLWgFxM87CR7wKSr,1
3nShJkiG46TtGR3QuG8J9T4y4KzPVmwmvvw5qb5HrxSg,1
8GQJFMTmf1j5SirfjApryFR5w37PaWCe1vQ9zEUBi9q6,1
GRTAiDbk7JaAsHkkK5n9iE63wF3EzcnG5u7kPB853ozo,1
7E3Zc3g1eJ7ueosPPoHDSkhuHvBVfN41eXcJXWeffozU,1
V4apd18HBFNThn37ud2K8bU3UscLe3r5RZtZqPqHU6r,1
CtdXvVpgzaNBFZyBMdzn9ZrWKJX48XKJqGjd72xeBWzt,1
73N9avS7VMn4xxC53AJL8VV6m2id5Z3w5va7jYBbtV5h,1
D6dShCURSqe4J4Jy6D2b3yrsQj6tnJUs3docsy9imjHV,1
5rMtWm8yQhaS14H3KDPmBGsuqx5P8rqV9tucs3hjkd7S,1
FjwacvMRDsfg2QiCntHRNg8Vt8HVrr1bHALcbQFmW54k,1
E62Aq9dKX2YiujojCYG7J6aSMy8Kp7KUafoAMVAa5pRZ,1
4c3RQJdeTJsg5pgWLTGG8bZ53wN3mMvonvNLwLMx6GzL,1
A2BagF61d6atyHBntjjugJg7guTNSUTKA3TKyQ2QqN7p,1
HpevVmtSxyKkS1qR8njyrmuap4kAryVncboJGu9up2B,1
3sz5euon8DrwLhQoGxFywrRnZjbW5HqFnLP1xxks3RGJ,1
3ssiu7Z6VvQgdJQVQKzAYXCjnhdTofGe8tqWPuVokvo5,1
DcFbXAuZ8pn1HMxcGYc5KFW8YVKUbfyownzkgvaF81t5,1
J7vjv8FmMrg6Zdj65RngdASsxQBPQfsrrsmbTBrNxm7c,1
9kejrWCJVWsyLqgihdRrz7LaZJFozo2HBUiktEnTQNPj,1
J1gXYvi5SnjYkAKqbt7SotGuzdEM6Ff1G3RCxuHyDyXz,1
7GVCZAYG5NfiJsuqUdvc9hB2ts2W3tSrGdya4CyR1M5j,1
BUqSM9jHhPmZ6c48fy3zo6j5upRLj7wzqB4GPdoQxWqB,1
HQq9HcifjT1P5uBvo2FDGvSvt6hizPYEp28ahhg2eVXz,1
4sYKhhiiQ2bKPKaB4zMWAPZDsuPYwwYPefp7ngaZWPf9,1
GScLko3zBBnV22SYceNrw5VgbegzvUNBmcnM79f1QNkF,1
5yRjYtxgWjYqskSxaCb9aZJ3PoxyT3cp2nZUprpdgzLa,1
BfdPP8dyxK6gipH8y2EZhb2DaHzX5iFybq86foq3mjQ8,1
8wTUapVHqdsqGu4APDEUBKLkztqwAgMxvj8QL3YpP9Rz,1
HScupPVFVFZjVH4PECSiLoHMjgLe7uNxH5PbwZVkrTwW,1
FUqo6KNfRLzrDveJy2g2GG68M7hLq7VEssXyTT9rU299,1
AH4avdwca7xD6SEMin3yCkSxgf42v92khMX4chDbwLSM,1
2VdyJhQKpk3uXxJmfzQfhAYR8dV9AfXApdTjbbmwX4v7,1
7rXYq1ysJe5xcuUcq3aoUZ3n77vNRaiRmvfXrYQfZHAo,1
HMAWPvggL7rrWmuWWygS2XBuKSPH9PkeKPhPVgYysT2J,1
EVHqH3i9UD5wMsdhw8ejFw3F2PT59swppU2rFArN7HA5,1
HrEtQ3L3cq4GSuMwHRpypwCKhnvKC7xXfEhcrgecMwve,1
2Xs1c3DP2vUtngyf5yNKkK3EiTDkKLNdhQi7ED8y72n2,1
2Jmjv31aMCe9T2UJZG3MDto9VGWgeVnDJAEv4qofyAco,1
FYYrjyAe6XfGj8FjNMc3iXhS9XYahpEuEBQq9LkPpNwy,1
9duTcTsQTRJ3cbMSanFff9LTZjKc2ctRwWmLWseG3HAo,1
Cdi5vqmUKgQiK9wwiR5egsKMmBmhhXoNuikEQieis9tP,1
8bkLyDx5PgyxNYmRmSwy1qBnWzcWcXFg3xveRAbjgc96,1
HRDXS9tAvsW9bP2Re2mWquYoGMw1M7wqaAWsvvpxnyLq,1
8GdP9Hqk9fSviS4pxcsSntSw41pXa3n9o3Q6M4TutTBM,1
FYuGqEQfKTTKGH1UMxMUcrBzoodwQjUccLVaknQUK5L8,1
AHSYhmRaLaCq4MMcEFK8fXZ6RjmT8tDRDVsK8hb8gm6D,1
4sEovPAgk1nqS2ZT9rJ7BrhbtoBevhvjiEbMa3Z4tATb,1
7PbRej1cKXrfwTDbhYq1g6u6SqACgvBFARh4FF1JEa3k,1
946KJWPfw2zrzqFNBwxdLsZKG3j1dejp6KFMsudGmMo5,1
7cpjTRTyDn56LkMJSpLXf31DY57iFT9tRvKtrqibscwH,1
AA8mv9suWGVLAXsSsU6DEtYh4t8Mcdou7iu19qScsqHT,1
GVvSRHzFCm44VrvDD4Ni7ZL7MdWXksSZsKHUXT3VQA5j,1
5GgC3hHeEfKDE7GChNqrJFo2c9cQzjnGt7kYmZxEWbWV,1
2PnFjbqYnxmnhcy1JCPHdCJBTspo29X2ZrnViaSZK75T,1
HEGLzLB7gkQRpDvPjHr1BKdc49jYbsJx5d7P2DZ7rzBy,1
6MS1RBYmzA8x951pc42ZGa1zEVUgmFLWuyNgzwKcFqta,1
FrmEQPVhU5CpZR6A1G9p9jY8zBN8eBpa6AL9HcnQLr53,1
BJya743DBAxppWVbo71FaYHcTTm1YYpdEV5wbb8HcWNA,1
E7V4W4nqNgJ6Fiwt54BNDw2TQLLFrRvQAgxT3hg7Enxr,1
73LrfQZCV3nhVYW8nZQ1mecXLjwsgy8VRHbgucCQVKBg,1
62E8S6fHJACx6jDdMGyBhcXJ15go94D6mqFcsPmgEL7K,1
4Ve1DefWGQRwyhWrkpFDa4nzWVCRrFzYxe4Z9AMCdmWE,1
CZ3px7y2rxmHXRA57qFGM46hsttUppLsaFEv4a29Nd4T,1
BsRhFj9Gh9h7ABNUkAAYUqdGyG93JLdndpkrp1Gixfs6,1
5FdUER3GDtz5w5Q59a3sHbgAk1qwNkwPcEFeAeiRj8e2,1
7S5QfqdAwLrn9VFf7vDbgpSC4j2YzXgAAN2H1kpyNsJa,1
ENWpNRmeZ6vNPaq163RrMZkc8tN7dwg4RGHtct2w4QRV,1
H1NXFYo4ExCz9j1XPrE1jkDguXj1SGfv9Su63boAck3b,1
F24iMVgiPiHstjy8df9vbSyp8nJ8XuYX5eXPqmFVTApS,1
8NdWUoKjeGePa2pM3Z3d4XU8eBr57kVeD7gyzwxwDp7j,1
Bi8QcKeQa6GcTktC8cJBFGtzDu4VxTxftqf4m4KMsPgp,1
8MHU3NwzuwpkcrF8S2nzNXbkCWn3TdE9UVtB3bQWJP7b,1
Ay8w7vxnd6PKpH5Anip57pJcJe7v9gPDtMExiNzrTCfb,1
86SvpvfgBue4JLk6REtmaPX8pm6oayqv1BYJWBqKmeZu,1
BNtBxjKd1GAfDdJbqdHjNcimY1BNvEtZRqep4ELswTTM,1
BEhPuy185r5LxEEHhn9cytBpdw3BfbkuLYnij1ztawqK,1
DLdQj57ohh4WggLFasX116uYciDNZghNzUhy2snARDTx,1
BktuGdQSSCYEVUyfrVexRSM2urHCkz9ipfTAP6nAufhU,1
3FJJkgDjvXQZL4YRJkoRGEmiZszVzbmnSbHmuwhbhmnD,1
6XVNrA91Gc9yhck2EsAL4qH5VsmHZp5xmd7VB1VMRoh7,1
5UF5p5XPbqVvw4V5JZRzUnjQGPHJSo51MPCTCLjutSmk,1
HG4bkqqWNfryErC2hu9ezuezU7YBkMmb9bN3G22LBLnD,1
Eq76oqw2ihTA32dFU5NinHMUWHdAYwd2UXpuSVpJKddJ,1
SWPK7uUq34aD7TpKsTVi1uUC488yzVmKhKcokCczM7J,1
5guxEV7hJRuL4HYx5deikUseJfD2LqvMj4tgfavuAczo,1
C8koxKz7fJuDLfUNcQnYTGLdDx7kEvDygk8uLE8jWRA2,1
EWqjKBCYfeiEHWTEqG4h19vjV21cRtMFqHSwGFzvbjgM,1
5FujwoCiyHyMXnLfdJ5mjdzM5GL3RLnKi5rhxDwoMHpL,1
A2YU3icscvnHPZSCzZ81BN6AbXW9FqsUHCCwyiT23rvE,1
Bdqx5ordZH8PaCcCP3gN89XufbDNHz1JJXJFagNi37w3,1
CntrZVSCukenHvmQUtHmwPjnfJ4jptZXJdwwueBbqfTN,1
FMpyNybU9kdX17qsiprVSDJYPM4XmZMgVDx5dhhJeMio,1
CtJHMRthTMNtvhB3Lg99ay4dYiQVeAYaoGnc12BeiNdD,1
B6WpQgt6cQpu363iMK93PwTpzcuSQedCftKrPuYE41JK,1
DU5pYto5RUpxq14fhv8s5WNNti1sv8dqEVxKzN6w84V3,1
HH8cm5dQZqS58zD8dnmdTLpHJ4XBjfX9nV97BLP3xyMF,1
AaTGqzk19U2yFQJffdf9vFRCbZU9GRQn7mGzVrLMUNzK,1
BpsJapYLGDsGAHmJmTxjpGU3XZLrYxXcqwm7CP3xCqPJ,1
Eeu9KPvnbjuc7UKwULTKg3FJgCA6x2HPVPeNAbWYncTK,1
57eMXvmysfP1SwPazxoxXdax1SdpTDAG797pj4PYzwsS,1
GgV5oBVVkxS2TzeG1L728pToatnWgXDAL15a4wTwPUdz,1
4wznTEwyLQuLrTZvuqSwJsB4qLe3oS3kHquCkwSZ6Jez,1
5D3CmnbshALmedCRJzKzbUJiYp1aenZSdYPJqRNDpBWk,1
GpAqis35wuwUXcREsHagGjh3X5qg7yoSveDz8MTz78f1,1
2DLezyxn7JiZRfCiizqeqToAWUdNe4ZUL7ouyqFMUhYJ,1
9zXv9a9NAQjTDMBWHNgbSboSTAxHtbCwxmCbhJ351bj5,1
Gjok6Ltu23j1nKXjh6ExVDBgnDura9qL17EGJxdjUTmj,1
3pYBDYa7wLcqRuL8EHWY9T17jvgbJKnggZAeeDZh8BFt,1
MkjtUuUDo2CrGTyErqZbUivbQLrHgnvbsQvAXMFEH8m,1
3uYRs2G1shT35gQjYb1ZTwNzciKFKWw81CYsaRmpRkE2,1
3Ni81WBb3i3ini2VyjZFXgCyb7wDtsgNHeCMXDwiZpah,1
ChXURN6tKVpN3tbzodiGiyW7pQZEfwCegfMMSuaVFaYV,1
6asFMFs5AgVJJVyNg3D2qSdBpUkiZG6Fd3W5Fb9B2DRT,1
CgxniA9DCwjmcfmXSRvHaaJ11ehzzfuK7MCzDbAQovgB,1
FUfFsJeSvKzBbSLDeHQhjNQZPFeVo7KxsPf4VLExoCxj,1
8uybTButyrwZrSx5PTHqSAjoQxYM1nHmKmM3aAjBoNG3,1
GaLWtv7WoTfXbRcznyU9ZyZ9GLsPek1Q53ERdHwBD2Zh,1
AWdeijFcdtRVW18PHBcq8HNFCGSM7kybiooGc9G3SSYR,1
GYLkraPfvT3UtUbdxcHiVWV2EShBoZtqW1Bcq4VazUCt,1
F83ZTFmagWAbrSzQ67xkxif6u9MWVwQfe3Nt5BnAtnNK,1
GGJJGdqsKT7uMkBDXxR7upGUoL651uRSpLoku6UR6YB5,1
CA7kht3pVJoKS6sKo6a8m8iV2UGq6hphtPuDEnGpTupS,1
EzYsHerJoJyHbMCcHZatLMpFvzRF6Xwmu1i23tdijYo8,1
5b2f8LQmkobBrq7qRJGBcaUgQis5HfTJHqokDmvacgjW,1
D69hibLCKvWCPpAhXHeUicy3C8s4uyKHT2TjY2WcrHqs,1
6AfBKm6cmKttmjvBmiTGMzt9sFfXoAzykJpgLHgPGHUZ,1
dbeiiutNX7yGdvFGB9tirdep1N9PvxvrkrWY4pfVjwv,1
BU7nmaBt51cyHkP1r5kfZdST1EHciY3jkvycrPrA1yTe,1
BsqUEVT9VcAQvmMAwc2ShJ7UHsFZ2i7yYRvErwptpdHF,1
J9LdGYjiNDyUDDop2mK8BEMTALPPy5VYaHkEA7JWsb4k,1
EPnjm8jLcHqCmfDJiyLvBUS53sbp2sCwi7c64s3Kw65F,1
BqM2iTyKtZYX7AuEFfiAHfR5fmT6uEWAvNnJds71MBcP,1
FyPjvVafLD6TcRgUg1DZMYKaJMmva6kUEUjgdAxtu6qx,1
3ND5aia3RTBKa1tLho2MqmckRrRnuVn6SYV2pY2UJPrY,1
CUX8LnMfBxhD5dfSrPMD15iJQH9nq1AEUMuvZSur2Gxj,1
7xQyY37zvotkVDpFu7yJFcqN8rpiGR7kvYrvusRNReRi,1
BWcZSBNHKs9piRxWKzgrkkWtW7AQBT3FFneCpGnRgU9d,1
598DeBxA99bamHPhxD8aLfsHJuvqsCsoUcDpM5WjHAXY,1
9WPrCtYSywkcEAeFrxpHoHKUQSqVRnY48Y8NGyiVzuit,1
3jAQib1hswKF5gR6tAuzKx9woKftV7FkhqbC2D8wTfAo,1
8iWzq1vq2GhLrXtG9oAJA2V4yxUXUCVTkVJSvmzWMB78,1
hwUu6FWaK9w2GXZeQ2w5x9Zd87KrjSgGHhvj9v14BVc,1
3xNBzcr6VSbfrkQpFU7zQyVnShjDSydqKuV5x5SBGz9X,1
JFGzL5bBdQ1cXsTXm7KdN1QBcB963GuFAp14xmKfRFh,1
5RQ8CBkK1p9JLX4FQa4YbXyFY2C8RUFjQ5w5NnwTupRF,1
21XyVqtcPNVDfLNGYzPjViPw7mTeZhFu4cenHEFT9oMJ,1
9XE3MNmqGzHveUahYSvTVtBQzvdRVWGjXdgvgBYuy7Ma,1
J6cXaVSSVhTycuVuk1A9t1z7eK3VnwmcWDPHjfphG3Qn,1
6f4VfVw5mzQ1YZN79RKv584b3jfKNDjCRjdozX7XtEa3,1
AxpEK4XdWij4SyARqdWhCvGBeyCEbLnj759YmuPyMqQg,1
DYLZ8Q2Arbt7XZEjWtvkVtpq7gT9t7RLt56DCCoG7xJ1,1
FcW3f17X1R83BTSUhdcUv5F7cfipbJbG5KEfWsHWuwPr,1
DEoVXYzsfijzxKFsbcBGCJogWwcdwC3rcoqqLChykRr9,1
4S7AXoQ6Z35pP64CWw9e9YYNEiXVScxsTMiXrcztjS61,1
EjyGPXwRPzErmo8bqLzLSABsp74SEU2vFTpkPcM3a4vv,1
8R6dsKmjBM5nQjGMPGbJX147CQAnFk1AZRYFLGTf5F1y,1
6unnKWdUPLcH9oCjYD6Du6uXxFnYGqUbFrEwzo8MfqXf,1
HvabynU7bWDW4cLN2JUyQ3c443T7V7qfTN5UnDZoawTj,1
2yRBU4Zse1R6zUoQ9FPXj5eWX2ELtYrDnDXka5dodW5Y,1
AmrVjAj5XbbYUQXNYpNL7GbxWAMyCnLFDMHVLzyZLeZr,1
75P5m3ziF9i6SCwv78wTK5pA6CRTfKc4y1jvVaBsahuY,1
9XMyEUWRbNRs2XpBZNSTnX1hRgmUZQy7tozbnczu4ukM,1
F6782nmrVAkPzq7DQ3CtjQxaNhLHFoBtmBHLQMaD8V4L,1
AYdiJGRcc3qpFXVepBheo621f1hfJBLzP6Cohdo7yXn8,1
8UGFisTa9pbt7pmvPAc76GPtupHkVtjc8YLVqZrtPbg5,1
v6dYm1wdXBcCTs9b9xQQTATxn8t3KJc8b9dg7inEgqh,1
4Atduvs9b8ryhAooEbp5DYzNPNv5W2YCpw8rzhR7zFei,1
FvC9gQ17UPkwNm2GdtEhLCwT41HrtXyCmjZigqsafxQi,1
5vjyLPMKa9zNTyt2Fpmykh6iZvoxNDovXB6X9aQiYYyw,1
6RjpYuyn82gsS3yu7bg1N3VAE7CnEPr1c3LRzHy4LyCu,1
BTA4KNkKaf1kPJiEuKtpH9zgKa6AFFoeyFmgTowyhCdR,1
D22TZDjBS3XFm82oipowZiJgvwe7JhnvjYdUjDZX68pz,1
96qq1gYG2YMU1q65u5rcxCsAGjzAxWpF1eq49CgqogBe,1
QRzHHGjxLozvheWybyYRieMwzb4Zd7JJMuAxgh3f4ZZ,1
HeNdJGQjvsgaAHse8ExC92dvbAgH2zjjCs8ARaquUi7M,1
6VHBWAszFhhY1EtFDmGivAeeCVJHMe4GCVVHEYut2QKA,1
2g1ShFzSFfq17XsvpSghMxXzbfv4tRUDGdwE5sgnRBvp,1
spGFshdLvTHHQenJAQKiZadPQ2rUt2ovYx9t9kQNhMi,1
GReR1bxuM8RrRaH8agE7bmvX11rnieZGrcsDpuP6VsnX,1
EdoDbsDryZwoc3cSi3yhXQdn5m1eMdLoUNFp49HVQT8V,1
AEhT9u2khyjVizyKbapoaW39PUmhAHiPDJfp4cGYrD8D,1
3iUvR16DPbZVLhCamnAvT2evX1FQdAFa5siaSrg8Wtww,1
HA6bBeWHSXyR3ZF6kgm5URGVq6nFRdoeAuwXVPwK5v1t,1
BnNCBKQoGKdjUvC8xKF9DR87rn36fRB1rqGQfzjWzb7a,1
2E3Muis1aM1NzLEZEWsYYYdRFQdoiR1qrGN9mgtUKjY9,1
92xPCkUHrA5J48zutZxdHwP6V6BWY9d5UaCnBVydF1Ze,1
phY3HXWEuJvrpg7bbQLMUQFJAcz9PPrzyreEi4s6xgK,1
Dn9jZXKCSFLBeVa678FpLJJr2UNnYSec9K8YwimbtCvT,1
7DexbmpjnEuZVz5ewZrvmWTczFNyRYRvVTxkBNGJ8rXP,1
G8JjdDgzGbkU5dTURaRm7XVN8W9W1fkYht81hjRVZuCp,1
8bXzhiaGpMp4shhyhqY3iR96graiMsFdjabYkbKYSKAP,1
26ZQE5W5R336oPNxaVeQobbuEnt5BBmpJe6i59yx4qQS,1
7MWiKtkHpWzsTrL5cEjzyrSwhjuHTEXaw1K8w332bHAC,1
DxN54AW9f6hk3MtRCewThPEc5tz2Sib5JpS4H2Ku9hpz,1
HkbgCcreWcuKs6JtRfyDF1kAvWKPMLVXY7DBAnEspQGa,1
ChxFMF8YxDvJHNBVgKLxEuu9mhGepREjswivhZsW6a2X,1
61AbjLQekcodNCevRpTo4G9DRfumPvUPHkr36pt1qAD4,1
FL66tC3iLCtF2o3LGu1CjMsbFzw84p1dKC4hQMeUd7fS,1
ABjtqe2knhPfwbPpbXyr3XmFA6hDKXAHTfRZ8mwbdcJ6,1
geim5gpjdFT1hUnftPdvdmxDCbtGWi9gbNcPA6Z3V7Q,1
9Q9E4GmvZNRMzDN5FW9iw6qWPyu3DJqLaPgyD1hosHQL,1
Au6Hm3qQNekEHEiCdjJw7ake1NyBsso48HLaETfrAQ4W,1
BS73wRvS3JPmNftM7oeAVs8FV3s6uZp5kGJ7kWk4PGJR,1
GrkJgHB8Sg9cCwKB8fkJznoTLY1MYrvKg52sT4f7AnBH,1
FW4ih2YwMbEwqRFjLqSzTxVdAoTxXtXPb6yyh8so2W4u,1
AQtCnPiVz5bAEZiT5Z9rHheVi8i51QCNFdv6kiUPeSQb,1
DY3jifg3FVTutHxbTZefZavWo2v8zEQMegPMR6u6FZxA,1
HwrCRCiX76oF37oyseN2Gffvw4EP1zFs8P7U9M5NaqSM,1
Bb1rhsiXP8PYxVqShjHsEh84Ljqq2cQ5KKDsThXgV2ge,1
83mtGj5FQXNnVFR6EqMQm7SDvDbErFqQwxyzLhcuCtPe,1
7GudfjJcuXGvnQeJ1eHwubd3FY8CTbHePt1VrZc9sHf7,1
6qw26RyCaGYS8M9xN3F9N3hCDw4MckhyDVTFzAq2akr1,1
74XudCWbAgjcssSWopFCXBoTwTxAu5X2eHsPx6x9Uvim,1
4pgZHxB3ahZowpMUBAB1WCLQCeTqskAUctyoTxpsFcf1,1
91pXMZE7Yyfd2AMTFnk8Je9gL84zE5UmrjFPETb26j1n,1
92sKJwDL2GqUhHQidD4HkSzxhdJv8zmgjYihZ4WyaaEw,1
8LCp7BW7RoEt6NDynDin5dLsMeJYWpo2Tm5zf5TKrpTT,1
34WMgXTwddiaFvbBCUwiAt9J7on1Hevt1fm1x4N9MuMi,1
A1DXBZGoUYEt3BaHw9y28GruoiW6Y3R8PEyPZuoSTscZ,1
3w47Eo77befL3wP2mBKhMizmadjgD4wvExYuARWkiC9V,1
EMsbiTuAibgU9LqiWemF2w5tUnBGZfdbajzRwiyMFUdA,1
47Pdr9CZ4EQNFotybGfCWeJLuXgA834hNYNwMCPg6Rod,1
CAcqSn3qQxxzmRaVFXo122qywQShjzKz1gwBmyin2AE9,1
3QitX2PMTccHP7hhCktZEK2xMZ7gQBhwCqtWDpaWAL2j,1
BEkQmBi88nC1dfqpPs1niFGuRwvh9ug3JYaKybyT97c1,1
DDJXBiHmWJsqJVzMonXexUgW2MmSurUVjdoYh96fPRWs,1
8yQcbNdDgiUkfYiBd37caE7yRchdzme69ea7THrRfvGQ,1
GevFioYifmwP9YeNhrj77kU5pT7zb19eu2EoC5J6bN1R,1
J55V67E2JcZwin5QaMxW6aoXUAQCynHQZQB8rBL5nkDf,1
2XxVykHH62UcWek9mCVDmKbihRFSaVe4WdZtyW4UYMqH,1
4yrZq6eHWAqLp2bcWsSbcj225goZUnte9bW3jmXmJXQx,1
EwN6Vj2cAEBP7GPGuWisovHifJMpMSsm2r43joroaHSf,1
5Locu9zra3fuysFt3MVow4dqX66bESchinWiT8Sksdbp,1
AxhN4fx7iviwUWwsoiXVVyE9DcNnydH3KFxFUFBHUkfS,1
ACKwKMCZfRaPiVkfC3hfjuLcQLPpZb9WNXgf3p2V8y1S,1
6Gu8SdTuKVuRD8oRXbkvtLj2pjJFqfucBQ9Y1xW2zsxP,1
6yTr14HwoZqk8SJ9ji5FUR1TtfeQfg4WS1FUChCuhAjD,1
FEmSeoRk2M5uD9JQELCVU51Tbvx2J8wuUufgtnF5ZGzC,1
8ArY6ngyrbAQcQLJKkgiN7b71fv3Cw9Wy8RDwtUGugMP,1
BNPyE6wk3vXaZUzbYn82viFXazpYgxnYg8d9oHf6GPzS,1
DHHCQK98q1nEBMbrp7VF6uKJhUsiDecWxNSL4PKSj86N,1
6ASZ7fG76wxS8JPkWQsC35WzVKf2erGnELUzdoTdSYqi,1
BgEy4Ak8Z28nkv8ZEbGGC9snzGnoMLZ2tF3cWeUfF38f,1
5oyfTMcrCUcnLofsFN4u38S3cNRZTLKs51vkteXq7XhL,1
AJRw8Lu5FDoPqh8cr8B7gEypRMNM7yY8F1QiMggCCQg7,1
6ex9HiaHEKtCRDzxWK8vKAw9zmQT5GciAVgkTnEsMw2s,1
F74sYFXFCtz3hx6mtMCCW3hGTRp3bpBynrh7QUK3WCTG,1
EY8vD6Fkh5i7Ek5NF15XARTL3HQQfis4eepFoUJY3826,1
Dk9e3xqjAytDUQ8gSD5ozFnEjjZra3KkaLUxrbdTV9sG,1
9c1XTYSwmbCGd3fFEXU2ZsXj7U9oijMduQpbVQ172qwc,1
6tbfpBempwJFHsyRxQkqeMsNtxHxdsEWMq5cg4BCQptQ,1
BE4RqufLswvaxv4aRvjpwtz2c4wRR2FnRDrjzg2BqUtT,1
2vLD5pfDDoQFC15opYdAq1RnPjViuPvtHtjbGiVZTygo,1
CB6zk2zucsMr4h3bKj1ev7qn4H4v23AV9ZdcT7HVdDeX,1
CCwwabdnncbgwexvmqBCBQJENFNmtNA7Z6UkePgcq4jL,1
HZzpbPJhBBFfj5Hx1HnBtpBfqGcfA5tLrofk6wYpGwc5,1
EPCk4SKwi558h9YksLbYPmNzGvyLT3ZWW5VMv2EsbzSj,1
44Bgbj9EiXmeYLntUcSEv1tuqvc3YR4oEMFDcBdNAqgs,1
3uZwtR9n1RMn8kygZg4GbyiDEVL62jCyitaJcZ3CSgcP,1
maacCLmsHiWJGQ56UgwCcHphkfgyWVr2n3NC1RKNjso,1
GZEWA6hHXxcaEbZZVAtMp86orgCHF947EkZoXsn7JnJy,1
EHmXCnuvtDRREsuCdbRwZxV22ki8a6XuYhrAjNZCzFqP,1
B5gEDupNMkR3RQMMZqZr3a3SgiWGByAd7uzvh8tW5BEx,1
2dV418dtKDkjq1AGxERcdAShD44BNfQnd27PgjUhnrXH,1
EmtTE7HY7iJsLtXvPAfZ4sgncYNS3PU9Djp1fo1coTHv,1
4ZmoJHoPESivPUQE77vbKkZ1xPfe4BVhJDN3ZxKsr32W,1
AXXbbSdrhqDoBRGC68CWNndmCwVB2tJH1EkWnJw8sUCq,1
FLm5UWuyaUd1Grm29VL9YayrHusEvyX1LmHpuooL7d9h,1
DBSeyMbHDWcWP8yoVBFuNRcjX4Q6QDghZv7RhaovuYCL,1
HAzmzmMuHuC8ddonfUbiPX8oiCX9NUYPbkwZUZGZdCnQ,1
FErQuNGuW6RM4AKK2fy7WqbhP7feLPDp4BQTxEUybBVE,1
9NSiiqhhuR94V2bgDtw9zmK4KiEGmTCifpCMc31CwmjU,1
6n71AJVz4tYPEJT9gikeE7xDCd3HfVaRMnAZZaDLjERN,1
H58LU5mJZ519k76x7K87URmRCHi3HrisqiNeP8AP1nMy,1
CKnyDRogXhUsDgfGkFijJh1uZBErVnWKmzuEYwPBDkMG,1
G2Rfxroz3XKctXbJZtxxhyFw6g4QZ3WzRkkXMYYkLBHn,1
ENs5MCjuR2LStrzW8QRykD4qiugrN4EXc7kqo7bwUPep,1
JDZDkBxswCZKJ9xviX4ctny48DouJhToa6yAY9ANfczb,1
EchSC4Rq17qDb8oaRJdNdNcuxYynVEMMytw7kQLiUCh2,1
8Y8eyjYe9Uo7YmxE4h3i7HWuztQ3z2tL5suDWmVkiu9z,1
6RBJFBcrirN1BTkMpqwDR96Lpe2qgFrj4X9z2GKcyUZR,1
VUuZyNg3dWfvadYh2eYGsNV7KHoX1wNFtqAN32nzRuK,1
HBLWemCFPQWWH5G2YMWNUDeuTV3HMQ6EySAQrVMbSqVP,1
5UFs4YEJNqm3D4tAhoTFio9FKX2DBfhvszU6chk8t4Pa,1
D5TaV91rqVQBJuKpghVffyWjsoY9Cv5ZCpz6oPwmR6sk,1
AwbWe8eRcaZSRYQfWXLf2ES2sGEZyPDZyiTYEyDwHtBg,1
C1SHhdzLsDZcqaAbMPQy8c3vV1kjs4kqk2C4HyivWFTR,1
2nhd2ZAuDhL83ZwZdkJ94K9hSbYVoToByshEvdhN49zn,1
4zGSzurTfF1HKm9EArTkL3jh2goEBzJNQv3zKzUEqsdD,1
7RfBGzy2v2MkKxeHhwj8QwMDA4kfhx7BqqexJjEVsAAg,1
GSTkNuY7LEZ82xKXFP9KnHE3HDYHhPEqfAPxUTRdUGKx,1
5C27bmKCZu97TsUBrAQhjH5csToJDJtTHrTnZAxhWuxP,1
FUytvHCRDxFYcN3oVNi6TMyJQes5Y3dgBfZB1R6hDHwN,1
86GLhM8KyLsPjS5FJeJi4fe8mAkmUQ4CmA9mb919souq,1
GhRaot3bbYqwCPzCEs4eCdRrfWyDAkAKwUCRKzJX1iRH,1
DsPhDksUHAEu54DC2BBeNUVhHRCWsh4QkGQj5T1ayG4G,1
DmvJgd4Tfwp1XtH13YfZUKjf9DVrtCxMkoQ8LopeumcC,1
8SbUxqaRxJq9mA3CNLYGDLfUYs7ugYZaebkX5gsf3Buy,1
4Zpw9coWR9i12LfjbmT9tZ1aPsAZbduZT2z7amuVKqSR,1
8C5mEQKdfm1XfWZsVvMustVQr6GJBqZTgWfmpPWhKCfb,1
EoWSsbyTSn6JrXYwSY5rmhXmi1HjKQkAwPs5sSCinodC,1
5e3RAerpvZu1gESJPaeJxAXEB3iF1YCvprJXhb5YRSTu,1
85iQpn1y58RRsD4gAXQFBGpyabkgHXJJ8bhxCeJNTeAg,1
1zMPDF2v7sfs7UzkyYmY6kc3z5QFRzCjRjkkZ9dqfYF,1
81HAanwBHgfGqm6h2EUaGApJwu9ALcHmRJFnJxFwQ7GA,1
3BAsFCsntcUZEY9eXMeKKaFreoYJ3dCnt4EuFsEccrQz,1
4r4BGH6f4SnLbzM8u1LeH3usX8APTHxLLvUV5VC89SAK,1
91ERfaWtDP8afsaJNL2wrmY68gjCeb5z7sXMN1rzPJz1,1
EJxbv3aGrLuX733SASSsV9J1LQaCoUmrArXDoF8JAKJc,1
ArqJyL33EXQbyp9AeFzAe35M6EKmYCTmLQEbpj1ysxVz,1
2updwWgujqMWTNczaHbr1LVr4Y6T5uPLVFDLVhZydyQr,1
3jfnS3xD58CfYPG7uBrPHoT4NaKCiT3u5LKt2jbg5RFp,1
7HCNyenN9ef6v1SZ4s2A5sGkjkn64xZTsUGE7AzpBRJX,1
2MCxJnH7BNWEUQYWf35quzCTc14UfZkgeHj6CwvdR6Vd,1
6cf9hj5LS2GYcfn9Z3CfNfebGQjpfeV7C4MLRdZDkQjo,1
6BCjxrBJ1VWjdZ2KJMoLtEyfNB6sqqXBFfRemLWd2YsN,1
6MTax392tzyB2WiEwtyx4yFwbgkAnyo5Ykaz8DYwCk5J,1
RuXFYYBSA53pVN6VQYdC3zzMfntnraLbimKpBUU5os7,1
FeF9L9QA6UBuN1kVgDokqxRsW7g7TBEnriwvpo26aKwa,1
6DKztD6UGR2XZ2kNtsrAZEbJC6VWJf9qmR945qJZrWzC,1
6CjTcNKtVcFdsyj18MzQsdPYTxKdwKhwX971PsKXmbcT,1
fq1gFikTae7yMfXtdidJr7u4s2xZxuUxUfJ7qFL461r,1
n9yMYGYay3EEwBZk2Hajk12ZYk3v4dBwdFTFbeqWu7s,1
AnNt7TXDtno6mTWgQ77PMSPoLm4UxZSMByGTtLZt9e8Z,1
1wtVf5CbeV5qTou96TtjCE2p1oVzwzcjATwL8G5hXoN,1
9yyR8HVH1BdkFDNfKj2tuMhxLJ13yRsTyySUKtGCxXN1,1
2W2BV7UAJyvvXUgNYZx5jeQMa6cfig4BmNFaYtGpY2q4,1
82KHPNGTabVRGorCPApGyygsdyAqWWkSPUeuWRkhzjbM,1
CDQ11siKqsjxZS5zxck6BKaidFw2ELTvKdLYu2p8dG1a,1
EjvPni9o9ku9oeNBdXwEAY4YxzyNi5E335wQP97YQmdM,1
HGqGo2pQQE8tQM4vqfT1Y8mHz8Xvwsqk8n94YKTc2Whs,1
FCCmxUQkgKevJr4gGN4Q3BhcJdmrryUmjXW2AQWQhj9E,1
9pWBpKXZkEEJc1WGkdbRwuqaCofVs1Dhr2kQa4v5xBGU,1
6b57UKQ58i4eZD2XuFfkcsgBZwnFAmpfQEQN1AWbqRjS,1
7ewePT3182QLXFCKoq4q4jH2V748cLqJ3NLH5ehswUxU,1
3MGQd6R5cFH6TaqsiJRM338SHmYCZ6YRQnXm1aW2vHeu,1
HMzs7bRgeGet9mzv363fV6wGzsF3ATqdSarmvufAVLcn,1
H7mtTUY1KNcAM9ZPUL9hYsB3z4z2g67QdtX3wdsASc4v,1
8UUnyCPTH4omQbbjzhMB4wLhLyuWe4PQDDtrCb7ePBhj,1
7sweKB8ppQnqeCFeqbxDeX91urAEk4fLHEYH1cbjABvf,1
3nMQhzyYp8jkNA4ky91LmUhbz8cF3csit8vK1xoH9dh4,1
RMCuMCgR5rW1MfZfRn9Ry3CZxQYhTtN35y1Z7WhXAS8,1
HLTpHPyNWbC4xsQskcNhS7es4f9DC1KKfNHBm3KresuC,1
DUCKahSw1ErZcoKEwM11QyD4ctiXBo8kmGpbkpqa2rfY,1
72utQ4hKFGp1G2oxYQRJuohPpSZbjMMQPxkipLuPFtRM,1
7iPoDrXP8hFAJgCheLV7AFHrgmAHj8Fgh1VTgZyeeJs6,1
7GSMQR5wwg1NcwhAzMWFCj91qjbWQwzmTmXikkCtwE7a,1
Ea7MwSgomLHo3QuuQQZC3jfM7c5pGCDRMT4Bt3zdVFu4,1
GohascPRssV11wAr6RxuArfjdDyg6oW4eKNQZPNSaEPh,1
EQV5KjTA8EJmdbLt7kgNDXoJRUMCK99NNfhJJ6BG7C52,1
4UQj7WaukWTEu6hYQjX3vso3RXtVWYNd274ssp5yy7F7,1
6MiBtyDpBhUDtnJfZpch2uJkKre6tC6Aq3CRrdbxVckB,1
5aZZ4duJUKiMsJN9vRsoAn4SDX7agvKu7Q3QdFWRfWze,1
BBtZdwb9nLFQcZTig9phEKATUmDjJthy8jedYWkMAic1,1
CYdwG3UJyHuNmCeLRYkiix4f4ex1XQDph53eLAuvgqiW,1
GqAetBmTf1GHU62QDDBz9nNRg8dpEAnBS5os6LouXsKx,1
FQDZ8FL2JB1vrjKBH3GWJVp26JUHkjAKMkUM7ww7KLVs,1
2pBGVanijYQQEqSp3weu5taZKhYNEnCb1vrQBhHzGxft,1
5NfLEHduUAuo7nuBboEExnKtXRdVFfCPdmBRUoe7X5DV,1
2si12VQj7w8JgxMS8Cg3AV6cTh4AQ8XNsZJwu8XEi9xq,1
8rzksdYoGQNyhxu2V9j3iJ15wchw3DYwVwsDZdL9ECGH,1
yrtUzpEWEXQnNVBuYquBjQZub8aCUk2Gk82Qs5M1UR3,1
HcnVdvPiRnqGAdLDTya5RUKyzCb3dPsQMiV7m3qbw5PR,1
2AQEznueMPq3yJ8wy3kUY2U7ayUY4mzizYoSkji9D9Fn,1
GZW6k8Q7bk7iLrLDGm4RxmkiJ5WXfitTSr84A4yNWUP9,1
9wEQ2U5T7Ue6e3kUAidvPthLfJe9i1AHpauEeyNdwqF9,1
HMwshX8xwiW2UmBW8zuwXMvC62Y3H7RmiXMuYias8iyY,1
FXby8p2gV8GrzZ4cTcAMUz2dnkMZA9Kd4kBk8AYrP7Sj,1
24avr92QE5FPUbiRWXwQVARuLrCuM4Y1ezzfRhx1Qtry,1
3kGuYfRzJBh3rC2sK32L3w352JyijFWsm99C95DcNMCS,1
FEN7TALY6UYwmSaBCoMg1EA9DbkJZjqvhk5MtibGYLni,1
8CmH9eGrEhXKTurYeNnUhMVr2uDt7nC6xpLXz2g1UPEN,1
CQt7vZwTByivkzT9QsW8ZUPrerGsKksvWuvwaJG4sZHM,1
FdD9Px41twZPd3mXvR6QBXig7bMSsWLWkeunDb9YEQ7r,1
9niaThXfgXjXTuny2JuivnK4fFWMqZgSmHJFwvxPbY6T,1
5d6gbeYmviFtBi9aJHUEE4VvT855tQCRw9wTsnj6byaP,1
CmXaBN57pnNnxZVAe3i2fXrtAxcXncQTry3X9amPUB4h,1
G4A3sTtsk2megbv8q7XpFKio3JgB1jbPXq6KJzQoyF5y,1
6DPrhPbGaAHa3ztYVurDdnkizcVRxy9SMaYm1svaMsKW,1
4xtLaHkmo64J2nPYtCAik3uDeeSBHoSxrhZegkDA2h8,1
Fw72qP8tedEFkAn3uhAscYaN3TKYHQ2DSzUhNewDYF3L,1
cPGdMA7CvsW1J8KQKAk6uEp6LV62WaHeEj2FfkFSNb1,1
5Uuw6GMbUrA5p5XgGEVYeFk4jTWuSMt95Xuf5gL45xK7,1
CTQpfxbHYhtx1kCdFgxGomnLy8nZvQ3gjDeHwczbcjZT,1
EdwNvgXtTCxHdBAkMnJbMwfzWJ1BCF2P3FHDK6fNLaiK,1
AemsCk7xyh1fCWxMR6TtTRRQhUEY2viAetwUmWUvMpqz,1
Ehd6MoUXUE9GbtdRqRNtm6MY1ZDwNGCEffPgjverTfRE,1
9TJYF1deJn62U21hCRLgED6Po3rWKpAaPb4qpXXyUTUA,1
4n18vqjUm1JgcnNEJYqeHfs4bRS1SZfxns67je7JNmq7,1
8WYRXiQXQSoAMw8A25HuTiTmkg2Ax5YTaBxmHZk6s5LY,1
BYwak5kaZiXKydGtkvanL7zAMMFDs2kim21NGT1PAwrA,1
Gm3KfULKPzTG4az9ugLQa7rJYmUH9HbzQSS1aCEeidH9,1
CRRRqoN1oPBrnzNJGsHzrTaV9B4fXPKkFtqpjwMDE76g,1
D9YYyN1znazkQ6pwBs2TGvR8JRiiJzKcpRJ2fCqkg29A,1
Aw55CBWeMi6NvPqYJ4Xg3q1c3xGLbfvsX646bB71SAK8,1
9mAdAAoJJY5rYuMyYegRa3u85FxBc7L17xHgjTCrMfmL,1
25FZNEWdTAooS9xw6cAskmwhZWfovYwtgeQY29fhYXBL,1
APhS9M4pnp6MJqM2i8eAmx77Q7uWz4YvZtxVZkpLd9uy,1
A1JQZ8wX4mj252CcB7KRpK88t1usuwbLrpukR2pbXGCC,1
FxJkHtzc5ZsbaBSG8dTPfk77e8vDrBvqNjxRB2M82rcP,1
6KY9QFxLgJ1zTnNNtFmxdvRxsekhdDb7CzNC983KXWZ8,1
7W7SY2WcQNw42oTJnBJzJrfDPr6tjhUVH52KBQXFn6Gu,1
BgfWqrPvN1wVV8nfpKA21JDzAFUN5e8mses2RpAR2j5r,1
2imMvgN54yGkEQQN4d84AgPMppyVW4E8hwXv6pn7YwN6,1
CjKFLddGqmpCQes1aytUoLfaR9CEPEGffNATDSKT8xxo,1
5CYtEapeRcevGTUqML8NAu3hBVTayVva1jkzvPppHqbp,1
5A85TYQ2KPTk83S6kFru8JzsjDEPmxS98H4tPjUmhf9x,1
7QReRGhFkB6MuXXaGyzYJuDLqQAiy1efezCQRBUuUnSx,1
9gDj8yWC8LtwiHF6QYjitz91k4a8RwNu3HxqL1SWHHU9,1
3foXrDxarqt9jdLMUEnzLGmrEaKwovtkGHuVEt7KkVMJ,1
DMR8osrV5WK32Tx7sHYLq58J6MeR1mUhSqPMzdxqYBZx,1
3Li7thPfvAi2Z69r3JMYHaFMc8TjoFoi5UjGVYGsq1bY,1
GWQ9iRiYCRmjJXgaeoZjPsYajtHgwVDzMmoxgRbJpejY,1
H6RKR15aZdkFJ9C1UeMKBzUrwZm5UCMNjz5b4T8BLSHK,1
iBmTEJ6RbA1w3j6LocqXYa9qDpvHSfd3K9sgzC9AEsG,1
48c7xfLwiEm7hNKx52aDwPcztzebCskmJfAtJv2JjHkX,1
5L3qVP2cTuiUey3RjKVyUf4U6TSG9RinSZreZ7ZCsWfB,1
9ToDc3kRU5uZLhBfkqXBmsSx2uwDMLD22UNbsABXtqoQ,1
2dtatR8AKjdzwU7zkzDpU3gePfyCGnb7KpaMNh7NSR2y,1
GVe7f7GmPjyhqc37LDHj5zzdh7jyEeA4yckYy8Wa4tHt,1
6FkAxxHHhWSKtrKWmjnhGERYoJvQ8sJtyWgDvpd4HQ9G,1
EEbAZrhGYCdbv1GexJA8jN1WNtXaYgj8wz1BjGtAGohh,1
2ovPnnjzgMxfKCDQzSKmwrNDAgeD5dMVkR9ubGbgFkdo,1
D5ZhwMF6gMK7HCFDw4x2PP6odp7KCi98z86UrndZyXSf,1
9qcx1vVK2hvZ32u5xv4JJP1n1wSNvtvLHyEsRR7b5Z4s,1
5ErkdeH7XeW5Fo2Ab8SeYEgEXEbi5kBgWpSh2t8sugfZ,1
2BhUjgG586vWdQtJwthbJLz8KW1AqN4DWWPCqHSP12Ry,1
8UiqGREfPEDipFk6dSkWwBQDqJ6yacjB4oZZKkAUtMXb,1
3igUUH6yT9MZrnkK4DJ8Aj91P519d47pSkA9BuK4qCFK,1
ELnfx5GCwcw87P2fdzhJRPvJNXR9ZHem8ZpMuyf6Rxhc,1
Ewm7JYxWgsGcc9dt9dJKsWjDBod4W8JAeTdvYw6bQW3A,1
3vif72DL8dLVqCaowdi9y8SgSRj58YeMZTfhQDe3uPHE,1
Gq6qnPWniyEV1yMxB7gLbRtauAMQ2GwT94nNEpjXDKK,1
GycsBap1QYzBSsdtXrygiZMNowo4pmdS7HM19JVk7qEm,1
3QyAdw4ZFhp6dqRV5vWreHFgoa6ft2dJ7EYZNFABmrtX,1
EBZtmCx6jY459mH97tybXbsuECvdsmaMxfEDK7WkyMkS,1
97VRWsbe5Z3FHBvxyZdcvHPxSpKtAwriYNDG5LhPfzce,1
B3EuXe5ywbKtP4sDeeawF62zxkYZ5knpmh25Q6oFEwbx,1
6w4sP312fQDgCX6kjZZEegmv86Xtyux1kKhnKNsaeHJj,1
6Hayp9GJ3QBqaXyUukdyYn9LC3sTStfJCtJMeSgTagYd,1
9Zs2qYhq8atzzKYPfXrjXP9Pw2g9cSYcPMbvhf2Z5Mah,1
22r8U8QLRqqeoBud37gTVuT8Gp7HYrRV2qtLHKN4zLHa,1
mrRRszSGCJB7Ld7tH7YvYiSLkTHaLkGjnWL4cmAcomt,1
8DUNNQ6zAz9sUEX3cuouPzDPBHQhLnTDzz9ijnSu8Q6Q,1
92S3DRzt5bga3KrWDeSN55r7ZCBDhjn85adtFYVcRkoG,1
5ZVsYqurG8NnwBQQytWPcY8eDF8Rry2bxzQvJTQUtwqG,1
5gaWfYA5h2AqhyFSUa4Z4SwndgfnciVaBtfRkqvhhh8L,1
Bvtnb21vqSttr67T58jjQaS52sEPPHSQ8jyXepDeWf7A,1
4U8m5KKt9CfDrKCnCjMKUUoY8YfoHNoMmUZyvYn8uAkq,1
A2F3gRoia891AoZofEsa87XaxznsErVjQVmoq5Rm7ugi,1
GLWrw496SzE2TqJbxAPJjvhWdKkbVjnqQVzbFBQfVcfh,1
2pbUmnPeuWgQK2GbfUtM3vKo3ajmGt3ZzvnQU6W6Vcyh,1
3um8GE2skdQZqn3MnaNwVUHPcow2aRLvxUmYiKKvKtBL,1
6Xtj66ce1gc7EHeGG9toB7mXaGgcpVTGy1hxtKk6JfXR,1
E4MNRP6zqgKQuoFmJEudtxwJN9f9y7gyQqi18TxmSSNK,1
FnoCDE7HxMkAL9yNigLogy58q8c8ZhqAUk8A5Nj8YmuY,1
FdbrZMiPhqnD16VFF62t5s3Yhsoo2bwT3sjzAE8tfdnQ,1
GVSTVojq658o56v5esp6xdTLtZDTPF68mn8bNdoHekts,1
5XPnRDMTEzRVJwvvA8QjYDPFpVHV3qV2x8E4z5WJ4P79,1
4FyPFUi4PXWfFCpX1HoN2LprR1T8ZSyop6EggRPytWme,1
6VfZd8yft84QDkEpdbF4TisvNTu2xiUhN3ECGtt8RpGa,1
AZWHayrNFWwZqXpaf14MidKc7X9Yra3hSYsXew4cqCbB,1
GKpcsEymraZH6d8Tn4fHfL6x7fUsByGXk16YdisFTaQN,1
GZsgnW25ikkGaHs7brNqVzWhxg9HYYRjU8JtMZPpDsyL,1
4gzh4FV7DWiYiuxRUcmYxbq6me2PcfXwo9A8FQ4V7TrM,1
FJG8CZQXcgRzULKDuZCFC4n6Q5KnW5YkVYikKcJE8hvX,1
31HWL9p9k4E8D3KgW34YWzu8rw6aLjevpd449zUTG6cc,1
E5qBvBhCDtiBRKDTb41hNj8XpLV3DKBpbb4uRMnbcRpz,1
9HmVhHarQE31SkoYYVSKmTN7vdsBCtFFHm2D1zCVyRAm,1
GTUM5VWS4vaJbHnCeLkegqnM3FFokyc98ZFEvHGjoZ9r,1
5TDPqfQHvkvF7YdF2sQoDnBTD1ujPQY72xTTa9suaYx2,1
FkY2pLayeB4oxL4rPdWRFrGXWDZqnBzhRFnJPhyMH431,1
3Ph4q8DcQ5xpMHNrDVGmgQ6PKKFXsrjwctTMCA8ZheQD,1
G8m479uKo4ttQSRpXgvwbr5NzJBFD1S3a948bqGUT9Yy,1
FBnjUGuKzZxZKzykBZPrv6wkUWb5Cm5TnWJzAK3z9fyX,1
6cWo9pehLpkCmcuDhL8aE4C1MidfzKqB6bSQHuma1iV7,1
ChSQu5XJVJrvSgAKQsxMTqCJKD7iPW2kXrBKEBJCnHQ1,1
BzzSCk7MN3GqumCXhK9mCAzmmd6kbVFbbWVpaHKkkk7o,1
BiBCp2iumoRp6XAvCnNte5JsAPjnGe6FKd26Pkzps6Xe,1
9Aa2zv6irstfQRfNqLJTzwNwPZeLbmB2bFTQpDczwDwe,1
9iMA3GHV4k9gxutVSsywbZi3qeed96RUzBgcJJ7Dt48L,1
4YrU5GcKhPqWwB7s6nWaXBJck4p2Lpx9zKKUtMWKb39a,1
E7Q7rydTxACkYmnvjwh9iHep75YWLvoPGrLJKfvGzwd3,1
GRnPm6ppe7UqFGMMm1xGvacWy7WK2NNXQahRozoRnZ8h,1
24gsoabrh47vMsr12FTmifD85bvTs7oi6Lnb7RpwqkCu,1
Gbyr7QpfMtTdEqABSkzLoGLBJXDqCWGXjWQTL7C7XuBY,1
4SeXSKfzBDZM3CLRRH3cWbywdE7btJMtikm5BiS4saxN,1
Bowc1q6qRCHy8g3b2XZhNUpvtdnzb2hE52Hu9z5dCSXU,1
5r49wtnzUF8oFTeQqoEjjt2FvSzvoRpmtDm2h144fKPX,1
Et9Z4ddTEPDum8rZoW2RGostNKLU6J22mnWeRjn7ZwQd,1
ZgHCb9CRugte6Ghkqx7wvnCrppDBsLjKCxdJReNDph1,1
B9KiiJoiJoJGG66DArz3kTYwCpJWiiS9egHsrpZLK5LR,1
34UpwY8hyNZQ5N8tiC3AYwNK9nhsf6PLRncUFoUqQHRP,1
4dWCF9NcAfmfVk2yY9xhXHrgKxiMWRdwHec6BzPby4C7,1
7fayJEQfbLHZ4QXuv1vWLbFLsdJTE9a8woagyARMLrcS,1
9CKUnJdFXm7r3ezZ7r4WPWsw3cmrfwijNpZB52vP2mwu,1
EmFsVfUfp15ra8EoqvDegjTb2jNaoG7tQZ9RRqL8KJ4s,1
6kr3K6hjU8YAQAsa6URcgLjTWji1VZErT155tPYHCViw,1
7rL3J14cSQtEHUtkUeSL5EqUMjmA2dZXxGjohDKi3wrY,1
FBADFuDhZfAXjCDSYBBgVN7GV5z9Y7yKPFZMDSgLvQCN,1
BfuC1FMoRNWh1EmUwPgxeLKVHMqFxJKwCTNxhZGMJ24U,1
FFo2TJ5Kn15Z5zwsWky3QXt4HWBFvUAX3n9hKN47gHoy,1
FGBqf2fT3gra7HmL3Qt4oSMFWe6jmafMzwx45z314YRk,1
4DfhwFucBMxWh1wKDxtntVww5psM3dej9hcvZRvCvhRa,1